{"dark": {"popover": [0.011726, 0.027338799999999983, 0.07027399999999999], "popoverForeground": [0.976, 0.98, 0.984], "card": [0.011726, 0.027338799999999983, 0.07027399999999999], "cardForeground": [0.976, 0.98, 0.984], "primary": [0.976, 0.98, 0.984], "primaryForeground": [0.06677, 0.09429309999999999, 0.15323], "secondary": [0.12184900000000001, 0.1611415, 0.21615099999999995], "secondaryForeground": [0.976, 0.98, 0.984], "muted": [0.12184900000000001, 0.1611415, 0.21615099999999995], "mutedForeground": [0.6117940000000001, 0.63920242, 0.686206], "border": [0.12184900000000001, 0.1611415, 0.21615099999999995], "destructive": [0.498168, 0.11383199999999999, 0.11383199999999999], "destructiveForeground": [0.976, 0.98, 0.984], "input": [0.12184900000000001, 0.1611415, 0.21615099999999995], "ring": [0.819358, 0.8350716, 0.8586420000000001], "background": [0.011726, 0.027338799999999983, 0.07027399999999999], "foreground": [0.976, 0.98, 0.984]}, "light": {"popover": [1.0, 1.0, 1.0], "popoverForeground": [0.011726, 0.027338799999999983, 0.07027399999999999], "card": [1.0, 1.0, 1.0], "cardForeground": [0.011726, 0.027338799999999983, 0.07027399999999999], "primary": [0.06677, 0.09429309999999999, 0.15323], "primaryForeground": [0.976, 0.98, 0.984], "secondary": [0.9531370000000001, 0.9570456666666668, 0.964863], "secondaryForeground": [0.06677, 0.09429309999999999, 0.15323], "muted": [0.9531370000000001, 0.9570456666666668, 0.964863], "mutedForeground": [0.419971, 0.4473236666666666, 0.5020290000000001], "border": [0.8983, 0.9061, 0.9217000000000001], "destructive": [0.937116, 0.266884, 0.266884], "destructiveForeground": [0.976, 0.98, 0.984], "input": [0.8983, 0.9061, 0.9217000000000001], "ring": [0.011726, 0.027338799999999983, 0.07027399999999999], "background": [1.0, 1.0, 1.0], "foreground": [0.011726, 0.027338799999999983, 0.07027399999999999]}}