{"dark": {"popover": [0.039, 0.039, 0.039], "popoverForeground": [0.98, 0.98, 0.98], "card": [0.039, 0.039, 0.039], "cardForeground": [0.98, 0.98, 0.98], "primary": [0.98, 0.98, 0.98], "primaryForeground": [0.09, 0.09, 0.09], "secondary": [0.149, 0.149, 0.149], "secondaryForeground": [0.98, 0.98, 0.98], "muted": [0.149, 0.149, 0.149], "mutedForeground": [0.639, 0.639, 0.639], "border": [0.149, 0.149, 0.149], "destructive": [0.498168, 0.11383199999999999, 0.11383199999999999], "destructiveForeground": [0.98, 0.98, 0.98], "input": [0.149, 0.149, 0.149], "ring": [0.831, 0.831, 0.831], "background": [0.039, 0.039, 0.039], "foreground": [0.98, 0.98, 0.98]}, "light": {"popover": [1.0, 1.0, 1.0], "popoverForeground": [0.039, 0.039, 0.039], "card": [1.0, 1.0, 1.0], "cardForeground": [0.039, 0.039, 0.039], "primary": [0.09, 0.09, 0.09], "primaryForeground": [0.98, 0.98, 0.98], "secondary": [0.961, 0.961, 0.961], "secondaryForeground": [0.09, 0.09, 0.09], "muted": [0.961, 0.961, 0.961], "mutedForeground": [0.451, 0.451, 0.451], "border": [0.898, 0.898, 0.898], "destructive": [0.937116, 0.266884, 0.266884], "destructiveForeground": [0.98, 0.98, 0.98], "input": [0.898, 0.898, 0.898], "ring": [0.039, 0.039, 0.039], "background": [1.0, 1.0, 1.0], "foreground": [0.039, 0.039, 0.039]}}