{"dark": {"popover": [0.09, 0.09, 0.09], "popoverForeground": [0.95, 0.95, 0.95], "card": [0.10980000000000001, 0.09804, 0.0902], "cardForeground": [0.95, 0.95, 0.95], "primary": [0.882456, 0.11354399999999998, 0.2827046399999993], "primaryForeground": [0.9999999999999999, 0.9460000000000001, 0.94987], "secondary": [0.153117, 0.153117, 0.164883], "secondaryForeground": [0.98, 0.98, 0.98], "muted": [0.15, 0.15, 0.15], "mutedForeground": [0.63145, 0.63145, 0.6665500000000001], "border": [0.153117, 0.153117, 0.164883], "destructive": [0.498168, 0.11383199999999999, 0.11383199999999999], "destructiveForeground": [0.9961390000000001, 0.9498609999999998, 0.9498609999999998], "input": [0.153117, 0.153117, 0.164883], "ring": [0.882456, 0.11354399999999998, 0.2827046399999993], "background": [0.046862999999999995, 0.03904566666666666, 0.035136999999999995], "foreground": [0.95, 0.95, 0.95]}, "light": {"popover": [1.0, 1.0, 1.0], "popoverForeground": [0.0351, 0.0351, 0.0429], "card": [1.0, 1.0, 1.0], "cardForeground": [0.0351, 0.0351, 0.0429], "primary": [0.882456, 0.11354399999999998, 0.2827046399999993], "primaryForeground": [0.9999999999999999, 0.9460000000000001, 0.94987], "secondary": [0.957032, 0.957032, 0.9609680000000002], "secondaryForeground": [0.09410000000000002, 0.09410000000000002, 0.1059], "muted": [0.957032, 0.957032, 0.9609680000000002], "mutedForeground": [0.443482, 0.443482, 0.47851800000000005], "border": [0.8941, 0.8941, 0.9059], "destructive": [0.937116, 0.266884, 0.266884], "destructiveForeground": [0.98, 0.98, 0.98], "input": [0.8941, 0.8941, 0.9059], "ring": [0.882456, 0.11354399999999998, 0.2827046399999993], "background": [1.0, 1.0, 1.0], "foreground": [0.0351, 0.0351, 0.0429]}}