{"dark": {"popover": [0.046862999999999995, 0.03904566666666666, 0.035136999999999995], "popoverForeground": [0.9800019999999999, 0.9800019999999999, 0.975998], "card": [0.046862999999999995, 0.03904566666666666, 0.035136999999999995], "cardForeground": [0.9800019999999999, 0.9800019999999999, 0.975998], "primary": [0.9800019999999999, 0.9800019999999999, 0.975998], "primaryForeground": [0.10980000000000001, 0.09804, 0.0902], "secondary": [0.16081499999999999, 0.145111, 0.141185], "secondaryForeground": [0.9800019999999999, 0.9800019999999999, 0.975998], "muted": [0.16081499999999999, 0.145111, 0.141185], "mutedForeground": [0.658494, 0.6351012, 0.619506], "border": [0.16081499999999999, 0.145111, 0.141185], "destructive": [0.498168, 0.11383199999999999, 0.11383199999999999], "destructiveForeground": [0.9800019999999999, 0.9800019999999999, 0.975998], "input": [0.16081499999999999, 0.145111, 0.141185], "ring": [0.8387470000000001, 0.8270506000000001, 0.819253], "background": [0.046862999999999995, 0.03904566666666666, 0.035136999999999995], "foreground": [0.9800019999999999, 0.9800019999999999, 0.975998]}, "light": {"popover": [1.0, 1.0, 1.0], "popoverForeground": [0.046862999999999995, 0.03904566666666666, 0.035136999999999995], "card": [1.0, 1.0, 1.0], "cardForeground": [0.046862999999999995, 0.03904566666666666, 0.035136999999999995], "primary": [0.10980000000000001, 0.09804, 0.0902], "primaryForeground": [0.9800019999999999, 0.9800019999999999, 0.975998], "secondary": [0.9609680000000002, 0.9609680000000002, 0.957032], "secondaryForeground": [0.10980000000000001, 0.09804, 0.0902], "muted": [0.9609680000000002, 0.9609680000000002, 0.957032], "mutedForeground": [0.47069099999999997, 0.44305150000000004, 0.42330900000000005], "border": [0.9059, 0.8980333333333334, 0.8941], "destructive": [0.937116, 0.266884, 0.266884], "destructiveForeground": [0.9800019999999999, 0.9800019999999999, 0.975998], "input": [0.9059, 0.8980333333333334, 0.8941], "ring": [0.046862999999999995, 0.03904566666666666, 0.035136999999999995], "background": [1.0, 1.0, 1.0], "foreground": [0.046862999999999995, 0.03904566666666666, 0.035136999999999995]}}