{
  "dark": {
    "popover": [0.011726, 0.027338799999999983, 0.07027399999999999],
    "popoverForeground": [0.976, 0.98, 0.984],
    "card": [0.011726, 0.027338799999999983, 0.07027399999999999],
    "cardForeground": [0.976, 0.98, 0.984],
    "primary": [0.976, 0.98, 0.984],
    "primaryForeground": [0.06677, 0.09429309999999999, 0.15323],
    "secondary": [0.12184900000000001, 0.1611415, 0.21615099999999995],
    "secondaryForeground": [0.976, 0.98, 0.984],
    "muted": [0.12184900000000001, 0.1611415, 0.21615099999999995],
    "mutedForeground": [0.6117940000000001, 0.63920242, 0.686206],
    "border": [0.12184900000000001, 0.1611415, 0.21615099999999995],
    "destructive": [0.498168, 0.11383199999999999, 0.11383199999999999],
    "destructiveForeground": [0.976, 0.98, 0.984],
    "input": [0.12184900000000001, 0.1611415, 0.21615099999999995],
    "ring": [0.819358, 0.8350716, 0.8586420000000001],
    "background": [0.011726, 0.027338799999999983, 0.07027399999999999],
    "foreground": [0.976, 0.98, 0.984]
  },
  "light": {
    "popover": [0.007840000000000014, 0.03226159999999999, 0.09015999999999999],
    "popoverForeground": [0.9720000000000001, 0.98, 0.9879999999999999],
    "card": [0.007840000000000014, 0.03226159999999999, 0.09015999999999999],
    "cardForeground": [0.9720000000000001, 0.98, 0.9879999999999999],
    "primary": [0.23137599999999992, 0.5100102400000001, 0.964624],
    "primaryForeground": [
      0.05891199999999999, 0.09041087999999997, 0.16508799999999998
    ],
    "secondary": [0.11794999999999997, 0.161308, 0.23205],
    "secondaryForeground": [0.9720000000000001, 0.98, 0.9879999999999999],
    "muted": [0.11794999999999997, 0.161308, 0.23205],
    "mutedForeground": [0.580502, 0.6392503333333333, 0.7214979999999999],
    "border": [0.11794999999999997, 0.161308, 0.23205],
    "destructive": [0.498168, 0.11383199999999999, 0.11383199999999999],
    "destructiveForeground": [0.9720000000000001, 0.98, 0.9879999999999999],
    "input": [0.11794999999999997, 0.161308, 0.23205],
    "ring": [0.11376000000000008, 0.30542559999999974, 0.8462399999999999],
    "background": [
      0.007840000000000014, 0.03226159999999999, 0.09015999999999999
    ],
    "foreground": [0.9720000000000001, 0.98, 0.9879999999999999]
  }
}
