{"dark": {"popover": [0.0351, 0.0351, 0.0429], "popoverForeground": [0.98, 0.98, 0.98], "card": [0.0351, 0.0351, 0.0429], "cardForeground": [0.98, 0.98, 0.98], "primary": [0.98, 0.98, 0.98], "primaryForeground": [0.09410000000000002, 0.09410000000000002, 0.1059], "secondary": [0.153117, 0.153117, 0.164883], "secondaryForeground": [0.98, 0.98, 0.98], "muted": [0.153117, 0.153117, 0.164883], "mutedForeground": [0.63145, 0.63145, 0.6665500000000001], "border": [0.153117, 0.153117, 0.164883], "destructive": [0.498168, 0.11383199999999999, 0.11383199999999999], "destructiveForeground": [0.98, 0.98, 0.98], "input": [0.153117, 0.153117, 0.164883], "ring": [0.831111, 0.831111, 0.8468890000000001], "background": [0.0351, 0.0351, 0.0429], "foreground": [0.98, 0.98, 0.98]}, "light": {"popover": [1.0, 1.0, 1.0], "popoverForeground": [0.0351, 0.0351, 0.0429], "card": [1.0, 1.0, 1.0], "cardForeground": [0.0351, 0.0351, 0.0429], "primary": [0.09410000000000002, 0.09410000000000002, 0.1059], "primaryForeground": [0.98, 0.98, 0.98], "secondary": [0.957032, 0.957032, 0.9609680000000002], "secondaryForeground": [0.09410000000000002, 0.09410000000000002, 0.1059], "muted": [0.957032, 0.957032, 0.9609680000000002], "mutedForeground": [0.443482, 0.443482, 0.47851800000000005], "border": [0.8941, 0.8941, 0.9059], "destructive": [0.937116, 0.266884, 0.266884], "destructiveForeground": [0.98, 0.98, 0.98], "input": [0.8941, 0.8941, 0.9059], "ring": [0.09410000000000002, 0.09410000000000002, 0.1059], "background": [1.0, 1.0, 1.0], "foreground": [0.0351, 0.0351, 0.0429]}}